{
	"pattrstorage" : 	{
		"name" : "audio-event-manager",
		"slots" : 		{
			"1" : 			{
				"id" : 1,
				"data" : 				{
					"env-control_hr::OffThresh" : [ 0.131862080302876 ],
					"env-control_hr::OnThresh" : [ 0.355310451393283 ],
					"env-control_hr::toggle" : [ 1 ],
					"env-control_hr[1]::OffThresh" : [ 0.131862080302876 ],
					"env-control_hr[1]::OnThresh" : [ 0.355310451393283 ],
					"env-control_hr[1]::toggle" : [ 1 ],
					"env-control_hr[2]::OffThresh" : [ 0.131862080302876 ],
					"env-control_hr[2]::OnThresh" : [ 0.355310451393283 ],
					"env-control_hr[2]::toggle" : [ 1 ],
					"hr.input[3]::filterEdit" : [ 1 ],
					"hr.input[3]::input-gain" : [ 1.0 ],
					"hr.input[3]::input_filter" : [ 2, 0, 2, 1, 0, 0, 193.661529541015625, 0.472105801105499, 0.895917356014252, 1, 1, 1, 0, 0, 5005.6669921875, 1.808383941650391, 0.865266978740692 ],
					"hr.input[3]::inputSettings" : [ 1 ],
					"hr.input[4]::filterEdit" : [ 1 ],
					"hr.input[4]::input-gain" : [ 1.0 ],
					"hr.input[4]::input_filter" : [ 2, 0, 2, 1, 0, 0, 192.756179809570312, 0.476220101118088, 0.817610859870911, 1, 1, 1, 0, 0, 5005.6669921875, 1.808383941650391, 0.865266978740692 ],
					"hr.input[4]::inputSettings" : [ 1 ],
					"hr.input[1]::filterEdit" : [ 1 ],
					"hr.input[1]::input-gain" : [ 1.0 ],
					"hr.input[1]::input_filter" : [ 2, 0, 2, 1, 0, 0, 193.661529541015625, 0.493038862943649, 0.882383823394775, 1, 1, 1, 0, 0, 5005.6669921875, 1.808383941650391, 0.865266978740692 ],
					"hr.input[1]::inputSettings" : [ 1 ],
					"hr.audioEvent::vocoder[1].1::FFTcrossover1" : [ 20 ],
					"hr.audioEvent::vocoder[1].1::FFTrampsmoothDown1" : [ 10 ],
					"hr.audioEvent::vocoder[1].1::FFTrampsmoothDown2" : [ 53 ],
					"hr.audioEvent::vocoder[1].1::FFTrampsmoothUp1" : [ 20 ],
					"hr.audioEvent::vocoder[1].1::FFTrampsmoothUp2" : [ 20 ],
					"hr.audioEvent::vocoder[1].1::outputGain" : [ 1.0 ],
					"hr.audioEvent::vocoder[1].1::roboSynth" : [ 0.09 ],
					"hr.audioEvent::vocoder[1].1::conv_filters::conv_voice_filter" : [ 1, 0, 2, 1, 0, 0, 151.265304565429688, 0.70967298746109, 0.665126025676727 ],
					"hr.audioEvent::vocoder[1].1::conv_filters::output_filter" : [ 3, 0, 2, 1, 0, 0, 53.735603332519531, 0.70967298746109, 0.274468988180161, 1, 5, 1, 0, 0, 735.10992431640625, 1.003646969795227, 2.5, 2, 7, 1, 0, 0, 2252.689453125, 0.70967298746109, 2.5 ],
					"hr.audioEvent[1]::vocoder[1].1::FFTcrossover1" : [ 20 ],
					"hr.audioEvent[1]::vocoder[1].1::FFTrampsmoothDown1" : [ 10 ],
					"hr.audioEvent[1]::vocoder[1].1::FFTrampsmoothDown2" : [ 53 ],
					"hr.audioEvent[1]::vocoder[1].1::FFTrampsmoothUp1" : [ 20 ],
					"hr.audioEvent[1]::vocoder[1].1::FFTrampsmoothUp2" : [ 20 ],
					"hr.audioEvent[1]::vocoder[1].1::outputGain" : [ 1.0 ],
					"hr.audioEvent[1]::vocoder[1].1::roboSynth" : [ 0.09 ],
					"hr.audioEvent[1]::vocoder[1].1::conv_filters::conv_voice_filter" : [ 1, 0, 2, 1, 0, 0, 151.265304565429688, 0.70967298746109, 0.665126025676727 ],
					"hr.audioEvent[1]::vocoder[1].1::conv_filters::output_filter" : [ 3, 0, 2, 1, 0, 0, 53.735603332519531, 0.70967298746109, 0.274468988180161, 1, 5, 1, 0, 0, 735.10992431640625, 1.003646969795227, 2.5, 2, 7, 1, 0, 0, 2252.689453125, 0.70967298746109, 2.5 ],
					"hr.audioEvent[2]::vocoder[1].1::FFTcrossover1" : [ 20 ],
					"hr.audioEvent[2]::vocoder[1].1::FFTrampsmoothDown1" : [ 10 ],
					"hr.audioEvent[2]::vocoder[1].1::FFTrampsmoothDown2" : [ 53 ],
					"hr.audioEvent[2]::vocoder[1].1::FFTrampsmoothUp1" : [ 20 ],
					"hr.audioEvent[2]::vocoder[1].1::FFTrampsmoothUp2" : [ 20 ],
					"hr.audioEvent[2]::vocoder[1].1::outputGain" : [ 1.0 ],
					"hr.audioEvent[2]::vocoder[1].1::roboSynth" : [ 0.09 ],
					"hr.audioEvent[2]::vocoder[1].1::conv_filters::conv_voice_filter" : [ 1, 0, 2, 1, 0, 0, 151.265304565429688, 0.70967298746109, 0.665126025676727 ],
					"hr.audioEvent[2]::vocoder[1].1::conv_filters::output_filter" : [ 3, 0, 2, 1, 0, 0, 53.735603332519531, 0.70967298746109, 0.274468988180161, 1, 5, 1, 0, 0, 735.10992431640625, 1.003646969795227, 2.5, 2, 7, 1, 0, 0, 2252.689453125, 0.70967298746109, 2.5 ]
				}

			}
,
			"2" : 			{
				"id" : 2,
				"data" : 				{
					"env-control_hr::OffThresh" : [ 0.131862080302876 ],
					"env-control_hr::OnThresh" : [ 0.355310451393283 ],
					"env-control_hr::toggle" : [ 1 ],
					"env-control_hr[1]::OffThresh" : [ 0.131862080302876 ],
					"env-control_hr[1]::OnThresh" : [ 0.355310451393283 ],
					"env-control_hr[1]::toggle" : [ 1 ],
					"env-control_hr[2]::OffThresh" : [ 0.131862080302876 ],
					"env-control_hr[2]::OnThresh" : [ 0.355310451393283 ],
					"env-control_hr[2]::toggle" : [ 1 ],
					"hr.input[3]::filterEdit" : [ 0 ],
					"hr.input[3]::input-gain" : [ 1.0 ],
					"hr.input[3]::input_filter" : [ 2, 0, 2, 1, 0, 0, 16.417945861816406, 0.452059000730515, 0.060729000717402, 1, 1, 1, 0, 0, 5005.6669921875, 1.808383941650391, 0.865266978740692 ],
					"hr.input[3]::inputSettings" : [ -1 ],
					"hr.input[4]::filterEdit" : [ 0 ],
					"hr.input[4]::input-gain" : [ 1.0 ],
					"hr.input[4]::input_filter" : [ 2, 0, 2, 1, 0, 0, 16.417945861816406, 0.452059000730515, 0.060729000717402, 1, 1, 1, 0, 0, 5005.6669921875, 1.808383941650391, 0.865266978740692 ],
					"hr.input[4]::inputSettings" : [ -1 ],
					"hr.input[1]::filterEdit" : [ 0 ],
					"hr.input[1]::input-gain" : [ 1.0 ],
					"hr.input[1]::input_filter" : [ 2, 0, 2, 1, 0, 0, 16.417945861816406, 0.452059000730515, 0.060729000717402, 1, 1, 1, 0, 0, 5005.6669921875, 1.808383941650391, 0.865266978740692 ],
					"hr.input[1]::inputSettings" : [ -1 ],
					"hr.audioEvent::vocoder[1].1::FFTcrossover1" : [ 20 ],
					"hr.audioEvent::vocoder[1].1::FFTrampsmoothDown1" : [ 10 ],
					"hr.audioEvent::vocoder[1].1::FFTrampsmoothDown2" : [ 53 ],
					"hr.audioEvent::vocoder[1].1::FFTrampsmoothUp1" : [ 20 ],
					"hr.audioEvent::vocoder[1].1::FFTrampsmoothUp2" : [ 20 ],
					"hr.audioEvent::vocoder[1].1::outputGain" : [ 1.0 ],
					"hr.audioEvent::vocoder[1].1::roboSynth" : [ 0.09 ],
					"hr.audioEvent::vocoder[1].1::conv_filters::conv_voice_filter" : [ 1, 0, 2, 1, 0, 0, 151.265304565429688, 0.70967298746109, 0.665126025676727 ],
					"hr.audioEvent::vocoder[1].1::conv_filters::output_filter" : [ 3, 0, 2, 1, 0, 0, 53.735603332519531, 0.70967298746109, 0.274468988180161, 1, 5, 1, 0, 0, 735.10992431640625, 1.003646969795227, 2.5, 2, 7, 1, 0, 0, 2252.689453125, 0.70967298746109, 2.5 ],
					"hr.audioEvent[1]::vocoder[1].1::FFTcrossover1" : [ 20 ],
					"hr.audioEvent[1]::vocoder[1].1::FFTrampsmoothDown1" : [ 10 ],
					"hr.audioEvent[1]::vocoder[1].1::FFTrampsmoothDown2" : [ 53 ],
					"hr.audioEvent[1]::vocoder[1].1::FFTrampsmoothUp1" : [ 20 ],
					"hr.audioEvent[1]::vocoder[1].1::FFTrampsmoothUp2" : [ 20 ],
					"hr.audioEvent[1]::vocoder[1].1::outputGain" : [ 1.0 ],
					"hr.audioEvent[1]::vocoder[1].1::roboSynth" : [ 0.09 ],
					"hr.audioEvent[1]::vocoder[1].1::conv_filters::conv_voice_filter" : [ 1, 0, 2, 1, 0, 0, 151.265304565429688, 0.70967298746109, 0.665126025676727 ],
					"hr.audioEvent[1]::vocoder[1].1::conv_filters::output_filter" : [ 3, 0, 2, 1, 0, 0, 53.735603332519531, 0.70967298746109, 0.274468988180161, 1, 5, 1, 0, 0, 735.10992431640625, 1.003646969795227, 2.5, 2, 7, 1, 0, 0, 2252.689453125, 0.70967298746109, 2.5 ],
					"hr.audioEvent[2]::vocoder[1].1::FFTcrossover1" : [ 20 ],
					"hr.audioEvent[2]::vocoder[1].1::FFTrampsmoothDown1" : [ 10 ],
					"hr.audioEvent[2]::vocoder[1].1::FFTrampsmoothDown2" : [ 53 ],
					"hr.audioEvent[2]::vocoder[1].1::FFTrampsmoothUp1" : [ 20 ],
					"hr.audioEvent[2]::vocoder[1].1::FFTrampsmoothUp2" : [ 20 ],
					"hr.audioEvent[2]::vocoder[1].1::outputGain" : [ 1.0 ],
					"hr.audioEvent[2]::vocoder[1].1::roboSynth" : [ 0.09 ],
					"hr.audioEvent[2]::vocoder[1].1::conv_filters::conv_voice_filter" : [ 1, 0, 2, 1, 0, 0, 151.265304565429688, 0.70967298746109, 0.665126025676727 ],